screen_name,profile_image_url,location,created_time,text
塔塔塔罗斯,"https://tvax2.sinaimg.cn/crop.0.0.552.552.50/008t3A0uly8h1yjb3c43hj30fc0fcdgx.jpg?KID=imgbed,tva&Expires=1729616871&ssig=DQWxbHsg6J",其他,Sat Sep 14 13:42:02  2024,说白了，就是动物蛋白导致的。
Chul-青,"https://tvax1.sinaimg.cn/crop.0.0.996.996.50/9f8cdbfely8g7mffz90smj20ro0rojty.jpg?KID=imgbed,tva&Expires=1729616871&ssig=1VOLQd53lH",广东 汕头,Sat Sep 14 13:12:31  2024,就是懂得太晚，孩子四周岁总算是戒掉了，有奶瘾，总吵着喊着要喝，每天只让他喝得很少，搞点汤汤水水替代了。慢慢戒掉了
醉酒观星辰,"https://tvax3.sinaimg.cn/crop.0.0.1080.1080.50/006BCo7Tly8gh18m9ugy2j30u00u0gps.jpg?KID=imgbed,tva&Expires=1729616871&ssig=MLk7bSX%2BrP",其他,Fri Sep 13 13:58:29  2024,生长激素是否对人体有没有不可逆的伤害还未知，促进发育定会加速衰老
中医妇儿林波,"https://tvax1.sinaimg.cn/crop.0.0.502.502.50/877e4e8cly8hawbgpi7j7j20dy0dyjrx.jpg?KID=imgbed,tva&Expires=1729616871&ssig=XayYo8OQxG",浙江,Fri Sep 13 13:13:09  2024,添加剂也有功劳[允悲][允悲][允悲]//@华夏永续OK56:学校天天不是酸奶就是牛奶，加面包，蛋糕饼干类的小零食，女生普遍五六年级就来月经了[允悲]
华夏永续OK56,"https://tvax1.sinaimg.cn/default/images/default_avatar_male_50.gif?KID=imgbed,tva&Expires=1729616871&ssig=YZPTBb%2Fmel",北京,Fri Sep 13 13:04:42  2024,学校天天不是酸奶就是牛奶，加面包，蛋糕饼干类的小零食，女生普遍五六年级就来月经了[允悲]
中医妇儿林波,"https://tvax1.sinaimg.cn/crop.0.0.502.502.50/877e4e8cly8hawbgpi7j7j20dy0dyjrx.jpg?KID=imgbed,tva&Expires=1729616871&ssig=XayYo8OQxG",浙江,Fri Sep 13 11:45:18  2024,有啥想不通的，把“钱”带入进去就想明白了。//@我心赤焰:牛奶的盛行，离不开资本家和西医的大力宣传。
我心赤焰,"https://tva1.sinaimg.cn/crop.0.0.664.664.50/631138f9jw8fbdb7vvdwrj20ig0igjt6.jpg?KID=imgbed,tva&Expires=1729616871&ssig=lrg%2BYL8st8",上海 长宁区,Fri Sep 13 11:15:52  2024,牛奶的盛行，离不开资本家和西医的大力宣传。
用户7942956749202409,"https://tvax1.sinaimg.cn/default/images/default_avatar_male_50.gif?KID=imgbed,tva&Expires=1729616871&ssig=YZPTBb%2Fmel",北京,Fri Sep 13 10:47:23  2024,转发微博
紫琳786,"https://tvax1.sinaimg.cn/crop.0.0.512.512.50/007HJqocly8g1ne9u28gsj30e80e80sy.jpg?KID=imgbed,tva&Expires=1729616871&ssig=lr238mLgW8",北京,Fri Sep 13 08:53:32  2024,一个博主问粉丝自己的孩子是吃母乳还是牛奶，她打算满月给自己孩子断奶，我就留言了自己喂一年的母乳，奶粉再好都不及母乳，结果一群极端的人来骂我，我也说累了，想着孩子的很多健康问题都和喝奶粉，牛奶有关，自己还不知道
芸香油圃,"https://tvax1.sinaimg.cn/crop.0.0.1080.1080.50/006N4gd4ly8ht085xh8zjj30u00u0afd.jpg?KID=imgbed,tva&Expires=1729616871&ssig=4VPPyF2eOW",其他,Fri Sep 13 08:24:26  2024,母乳不够不吃奶粉怎么办？[允悲]
中医妇儿林波,"https://tvax1.sinaimg.cn/crop.0.0.502.502.50/877e4e8cly8hawbgpi7j7j20dy0dyjrx.jpg?KID=imgbed,tva&Expires=1729616871&ssig=XayYo8OQxG",浙江,Fri Sep 13 07:26:28  2024,奶粉是什么的固体？又什么时候变成液体？奶粉的液体叫什么？[笑cry][笑cry]//@王禹王路:奶粉呢？
王禹王路,"https://tvax4.sinaimg.cn/crop.0.0.300.300.50/95d16d8aly8hpd7qbplwgj208c08c0sw.jpg?KID=imgbed,tva&Expires=1729616871&ssig=ewqZuVNXpk",其他,Fri Sep 13 06:46:32  2024,奶粉呢？
周天寒彻A,"https://tva3.sinaimg.cn/crop.303.37.564.564.50/68b5844btw1eaa88lpnhsj20q40hfafw.jpg?KID=imgbed,tva&Expires=1729616871&ssig=ES6ppT%2BwqS",山东,Fri Sep 13 05:03:03  2024,转发微博
星空94638,"https://tvax1.sinaimg.cn/crop.0.0.656.656.50/005SYSuIly8g4axplrk71j30i80i8q4k.jpg?KID=imgbed,tva&Expires=1729616871&ssig=Jth6KKcWft",其他,Thu Sep 12 22:16:27  2024,亲戚家小孩一天几瓶牛奶，肥胖，然后现在支气管肺炎引起哮喘[允悲][允悲]
君君是我__,"https://tvax3.sinaimg.cn/crop.0.0.512.512.50/0065botbly8hsqy06wzf4j30e80e8dg2.jpg?KID=imgbed,tva&Expires=1729616871&ssig=QcY%2BzXu9WK",其他,Thu Sep 12 22:14:07  2024,现在学校恨不得一天给孩子喝两次牛奶，早餐，下午点
熵小小,"https://tvax3.sinaimg.cn/crop.0.0.1006.1006.50/007XtBREly8gakk42b244j30ry0ry78m.jpg?KID=imgbed,tva&Expires=1729616871&ssig=i2yTGrTgyd",其他,Thu Sep 12 20:54:07  2024,家門的嬸子骨折了，昆山的西毉都不讓喝牛奶。[偷乐]
清肝解郁,"https://tvax1.sinaimg.cn/crop.0.0.1080.1080.50/76ffc2d0ly8gi4m80eiq2j20u00u0jvb.jpg?KID=imgbed,tva&Expires=1729616871&ssig=3LxNmUkEtu",其他,Thu Sep 12 20:42:42  2024,林医生做这件事太正确了，不能让牛奶毒害儿童，未来男丁还要保家卫国，所以身体健康很重要。
WMWMWhat,"https://tvax1.sinaimg.cn/crop.0.0.1080.1080.50/77b46e21ly8hmflvrkwqyj20u00u0dj3.jpg?KID=imgbed,tva&Expires=1729616872&ssig=QqcpdwkjOL",湖北,Fri Aug 09 15:44:44  2024,山姆鲜牛奶就可以[奥特曼][奥特曼][奥特曼]
大海都是水ww,"https://tvax4.sinaimg.cn/crop.0.0.996.996.50/006SGX2uly8g992h8auerj30ro0romyj.jpg?KID=imgbed,tva&Expires=1729616872&ssig=6vGTXfZ%2B3M",其他,Sun Aug 04 18:20:40  2024,我觉得超市冷藏区里10块多一盒，950ml的鲜牛奶就很不错，伊利光明之类的品牌都可，买1.5升的更划算
堃12138,"https://tvax2.sinaimg.cn/crop.0.0.960.960.50/5647892ely8hpc3l1wwfrj20qo0qomza.jpg?KID=imgbed,tva&Expires=1729616872&ssig=4%2BmlKvBdiH",天津,Sun Aug 04 16:53:38  2024,海河奶[good][good][good]好喝
吴减肥,"https://tvax2.sinaimg.cn/crop.0.0.1080.1080.50/0083RQRKly8hngis2ovb4j30u00u0wfr.jpg?KID=imgbed,tva&Expires=1729616872&ssig=1VO6DxdufW",浙江 杭州,Sat Aug 03 20:18:05  2024,[笑cry]
阔汗,"https://tvax3.sinaimg.cn/crop.213.0.1080.1080.50/858f23e0ly8gdsds05ukaj216n0u07wh.jpg?KID=imgbed,tva&Expires=1729616872&ssig=Zdh2pcR52w",其他,Sat Aug 03 18:34:02  2024,我觉得那种保质期只有十五天的1.5升鲜奶好喝
侬晓得伐再生术,"https://tvax3.sinaimg.cn/crop.125.0.750.750.50/005HSBaRly1fz71y1lpg7j30rs0ku4i3.jpg?KID=imgbed,tva&Expires=1729616872&ssig=XCj2hyjngi",北京 朝阳区,Sat Aug 03 17:57:53  2024,瓜在京，喝三元小白方，或者君乐宝！！！好喝味道纯正[爱你]
SurPrisE25022,"https://tva4.sinaimg.cn/crop.0.0.50.50.50/00677BVwjw8ert337vq04j301e01edfl.jpg?KID=imgbed,tva&Expires=1729616872&ssig=p4XxbSMgvj",其他,Sat Aug 03 16:39:37  2024,花园纯牛奶
_边缘者,"https://tvax2.sinaimg.cn/crop.0.0.1080.1080.50/005JhfSgly8hhdomgt3n5j30u00u00u0.jpg?KID=imgbed,tva&Expires=1729616872&ssig=i6Sk8XBcET",广东 惠州,Sat Aug 03 14:28:38  2024,娟姗牛奶
Tusmuto,"https://tvax4.sinaimg.cn/crop.0.0.996.996.50/5313b3fbly8g93qbheb20j20ro0ro76m.jpg?KID=imgbed,tva&Expires=1729616872&ssig=r3kJNMaUz4",其他,Sat Aug 03 12:08:32  2024,百菲酪不错[哈哈][心]好喝
愚蠢话题,"https://tvax3.sinaimg.cn/crop.0.0.1080.1080.50/006dTetdly8htkxuus7h6j30u00u0417.jpg?KID=imgbed,tva&Expires=1729616872&ssig=1kdE2XqRrO",陕西 渭南,Sat Aug 03 11:55:41  2024,试完了给个推荐，我买你推荐的[污]
乙酰水杨酸菜鱼板面,"https://tvax1.sinaimg.cn/crop.0.0.1080.1080.50/005CrWD1ly8hharhkhw9qj30u00u0abu.jpg?KID=imgbed,tva&Expires=1729616872&ssig=3u3Sn3dFRo",其他,Sat Aug 03 11:49:13  2024,我们本地的牛奶估计不外销 能买到的都是天润 西域春这种[二哈] 不过天润还是不错的 可以试试这个牌子
丶Moosun,"https://tvax1.sinaimg.cn/crop.0.0.996.996.50/0063d4iQly8gfxir1hljtj30ro0romya.jpg?KID=imgbed,tva&Expires=1729616872&ssig=y65DfLDhKU",其他,Sat Aug 03 08:54:20  2024,喝完出个测评瓜🍉
排山倒海海燕长点心吧,"https://tvax1.sinaimg.cn/crop.0.0.996.996.50/a9639b18ly8fylj2dp9qsj20ro0roq5q.jpg?KID=imgbed,tva&Expires=1729616872&ssig=SP4NRwcrNa",其他,Sat Aug 03 08:36:38  2024,牧原系列
烦人修仙赚,"https://tvax2.sinaimg.cn/crop.0.0.512.512.50/008rR0xGly8h4jktccea3j30e80e80td.jpg?KID=imgbed,tva&Expires=1729616872&ssig=Ho6sxqVZuI",北京,Sat Aug 03 07:22:17  2024,[一起吃糖]
那姩浮夸,"https://tvax3.sinaimg.cn/crop.0.0.1080.1080.50/005XqGR3ly8hgrxv0yma2j30u00u0n0y.jpg?KID=imgbed,tva&Expires=1729616872&ssig=H0%2BCqbw0FX",浙江 嘉兴,Sat Aug 03 06:57:50  2024,特仑苏不错
是小铭呀zz,"https://tvax3.sinaimg.cn/crop.0.0.1010.1010.50/8bdb68a2ly8gda416e7zjj20s20s2di6.jpg?KID=imgbed,tva&Expires=1729616872&ssig=WXjX9y9ENx",北京,Sat Aug 03 06:46:17  2024,悦鲜活好喝
南国淳色,"https://tva3.sinaimg.cn/crop.0.0.996.996.50/006A6sEnjw8f83t775j2zj30ro0rp445.jpg?KID=imgbed,tva&Expires=1729616872&ssig=7Ei%2FZ61y%2Fz",四川 成都,Sat Aug 03 06:15:58  2024,[熊猫]
虓龑无迹,"https://tvax2.sinaimg.cn/crop.0.0.996.996.50/007Y0g9Xly8g6nlez7gd1j30ro0romzt.jpg?KID=imgbed,tva&Expires=1729616872&ssig=KGY9gTkTtR",北京,Sat Aug 03 05:59:33  2024,天润
大头DoTa,"https://tvax1.sinaimg.cn/crop.305.478.650.650.50/7026b1e4ly8g1oqwhfnvqj20u00wjdkg.jpg?KID=imgbed,tva&Expires=1729616872&ssig=ATFo6PQmcx",海外 澳大利亚,Sat Aug 03 03:37:08  2024,A2
无爱且优雅,"https://tvax4.sinaimg.cn/crop.0.0.1080.1080.50/008uKH2tly8hpagkanl21j30u00u0gpb.jpg?KID=imgbed,tva&Expires=1729616874&ssig=QJFaRL4dIS",海外,Sat Aug 03 03:13:34  2024,[并不简单][并不简单][并不简单]
猎手的强弓,"https://tvax1.sinaimg.cn/crop.0.0.1000.1000.50/0077ciuqly8g63uozsntnj30rs0rsmxs.jpg?KID=imgbed,tva&Expires=1729616874&ssig=38b%2B5rF1WR",其他,Sat Aug 03 02:04:39  2024,羡慕，我一喝冷藏牛奶就拉肚子[泪]
姜姜姜姜姜姜戈,"https://tva3.sinaimg.cn/crop.0.1.1125.1125.50/678cc5ffjw8f6szo91dhyj20v90vcq38.jpg?KID=imgbed,tva&Expires=1729616874&ssig=SeDXpBYIkl",江苏 南通,Sat Aug 03 01:59:59  2024,西域春
啊有一只能猫,"https://tvax4.sinaimg.cn/crop.0.0.600.600.50/7cfca98ely8hb3ydvz2x9j20go0gomyk.jpg?KID=imgbed,tva&Expires=1729616874&ssig=W3n8MmiZlA",北京 朝阳区,Sat Aug 03 01:24:25  2024,山姆那个小瓶*6的鲜奶不错
EK爱吃西蓝花,"https://tvax3.sinaimg.cn/crop.0.0.512.512.50/007XBE6ply8hfewxv1wsgj30e80e8wf0.jpg?KID=imgbed,tva&Expires=1729616874&ssig=zACK8uPGip",其他,Sat Aug 03 00:59:06  2024,只有西域春是老牌子其他都是这几年新出的作为新疆人的我都没见过[笑cry][笑cry][笑cry]
小兔纸文卿,"https://tvax4.sinaimg.cn/crop.0.0.1080.1080.50/a3fd620aly8gjsog555m2j20u00u0ac7.jpg?KID=imgbed,tva&Expires=1729616874&ssig=818wim5H5u",江苏 无锡,Sat Aug 03 00:51:46  2024,西牧天山还行
悲从秋来,"https://tvax2.sinaimg.cn/crop.0.0.689.689.50/7f414c57ly8h6nmoti1f5j20j50j6wey.jpg?KID=imgbed,tva&Expires=1729616874&ssig=xFQqIEV%2FLr",广东 深圳,Sat Aug 03 00:45:59  2024,你喝完觉得好喝的给我推荐一哈
caisha1,"https://tvax2.sinaimg.cn/crop.0.0.1002.1002.50/87a7576cly8g323l83d78j20ru0ruab5.jpg?KID=imgbed,tva&Expires=1729616874&ssig=aUG5fjVXai",湖北,Sat Aug 03 00:40:17  2024,喝过至少20多种鲜牛奶。目前只喝西江乳业的水牛鲜牛奶，找不到比这款更好喝的[doge]
艾尔小圆盾王丽萨,"https://tva2.sinaimg.cn/crop.0.0.345.345.50/9ea5f5adjw8eo3kwl05y1j209m09lq3a.jpg?KID=imgbed,tva&Expires=1729616874&ssig=GoM%2FfeFxVV",上海 嘉定区,Sat Aug 03 00:12:56  2024,海乳集团
YongshiJ1u丶,"https://tvax1.sinaimg.cn/crop.0.0.1080.1080.50/9d97bb25ly8h1u418kz02j20u00u0n1w.jpg?KID=imgbed,tva&Expires=1729616874&ssig=uNpX84M1f1",四川 成都,Sat Aug 03 00:11:26  2024,新希望铛铛奶
数码时光机,"https://tvax3.sinaimg.cn/crop.0.0.1080.1080.50/a0f28ebcly8hrzzn844g1j20u00u0773.jpg?KID=imgbed,tva&Expires=1729616876&ssig=hki6XNRwo2",广东,Fri Aug 02 23:59:22  2024,[允悲]测评牛奶
Shadow__杨雯儿,"https://tva4.sinaimg.cn/crop.0.0.180.180.50/c0b02c62jw1e8qgp5bmzyj2050050aa8.jpg?KID=imgbed,tva&Expires=1729616876&ssig=s8%2BmFvXEvz",北京 海淀区,Fri Aug 02 23:54:23  2024,我现在喜欢三元的那个有机牛奶。奶味很足
Ultra_hikari,"https://tvax4.sinaimg.cn/crop.0.0.1080.1080.50/7117a850ly8h98ha5se33j20u00u0dhq.jpg?KID=imgbed,tva&Expires=1729616876&ssig=gdiDGcueA5",福建,Fri Aug 02 23:48:34  2024,每日鲜语可以 某乐宝跟某利金典的平替
DENGMINHAO-,"https://tvax3.sinaimg.cn/crop.0.0.512.512.50/b4d6b1bdly8h94j5ax1tpj20e80e8dgv.jpg?KID=imgbed,tva&Expires=1729616876&ssig=n380TxnHVh",广东 韶关,Fri Aug 02 23:48:32  2024,有一个鲜牛奶 很好喝 名字叫做《说脏话》推荐你一定要试下
光65343,"https://tvax1.sinaimg.cn/crop.0.0.996.996.50/006K9ed3ly8fxcdrvfs0aj30ro0rogol.jpg?KID=imgbed,tva&Expires=1729616876&ssig=WBBNekm%2BX%2B",其他,Fri Aug 02 23:43:17  2024,国内喝鲜奶感觉还是要会蹲，线上线下都溢价太严重了
要吃汉堡吗,"https://tvax2.sinaimg.cn/crop.0.0.750.750.50/a11b40c3ly8fzputtsiohj20ku0kuwf3.jpg?KID=imgbed,tva&Expires=1729616876&ssig=X5EKQlk%2Bkc",湖北 武汉,Fri Aug 02 23:37:57  2024,为啥在帝都
兔女郎峰巅,"https://tvax4.sinaimg.cn/crop.0.0.1080.1080.50/0073DtPyly8hla70d0e29j30u00u0n4g.jpg?KID=imgbed,tva&Expires=1729616876&ssig=6CvZQNEKlb",其他,Fri Aug 02 23:36:56  2024,光明牌
肥肉炒瘦肉,"https://tva1.sinaimg.cn/crop.0.0.199.199.50/bae7051dgw1f7rytdl0rfj205k05kjrn.jpg?KID=imgbed,tva&Expires=1729616876&ssig=ZBQ5frZ1iT",浙江,Fri Aug 02 23:28:29  2024,@肥肉炒瘦肉：京东的一号会员店4.0巴氏牛奶超级超级好喝！
抵拢倒拐_Lee,"https://tvax3.sinaimg.cn/crop.0.0.400.400.50/914267f7ly8hmd8k13u41j20b40b40t5.jpg?KID=imgbed,tva&Expires=1729616876&ssig=zC%2B1QowzM0",四川 成都,Fri Aug 02 23:25:15  2024,四川这边基本上嚯新希望华西和菊乐
Ga_Hoole,"https://tvax4.sinaimg.cn/crop.0.0.512.512.50/006zyClZly8gzmf4dysy5j30e80e8jsn.jpg?KID=imgbed,tva&Expires=1729616876&ssig=ix9qjELxdy",内蒙古,Fri Aug 02 23:22:31  2024,感觉巴氏奶比常温的好喝点
上善若水T-T,"https://tvax4.sinaimg.cn/crop.0.0.996.996.50/c10c7871ly8fnu5o7jtfhj20ro0ro0tb.jpg?KID=imgbed,tva&Expires=1729616878&ssig=dDkAlTfvJA",江苏,Fri Aug 02 23:22:19  2024,天润牛奶 尝尝
Ryen1999,"https://tvax3.sinaimg.cn/crop.0.0.829.829.50/005WCnDvly8gnb6u6wy70j30n10n1aaz.jpg?KID=imgbed,tva&Expires=1729616878&ssig=uQs9Uaocqx",上海,Fri Aug 02 23:18:10  2024,百菲酪水牛奶 很好喝 其实只要是水牛奶都挺好喝的 就是无糖旺仔牛奶的味道 非常厚实
Thanos_阿宝,"https://tvax2.sinaimg.cn/crop.0.0.424.424.50/6d6d8651ly8g9cwru6zlzj20bs0bstaf.jpg?KID=imgbed,tva&Expires=1729616878&ssig=muu%2BYVmdpx",福建 福州,Fri Aug 02 23:17:13  2024,喝啥补啥
Shaneis,"https://tvax4.sinaimg.cn/crop.0.0.664.664.50/a6afd954ly8gokzgqm8vcj20ig0ihjrj.jpg?KID=imgbed,tva&Expires=1729616878&ssig=xiFFTyBxJu",新疆 乌鲁木齐,Fri Aug 02 23:14:49  2024,西域春，天润，花园，西牧天山，麦趣尔
忍不住想撸狗,"https://tvax3.sinaimg.cn/crop.0.0.480.480.50/006khSY8ly8fwyanbtvpxj30dc0dc75l.jpg?KID=imgbed,tva&Expires=1729616878&ssig=Yc%2Fy%2BESVZA",山东,Fri Aug 02 23:14:25  2024,水牛奶，纯的还微甜，就是热量比纯牛奶高一些，蛋白质含量高点
HootBear,"https://tvax3.sinaimg.cn/crop.0.0.1080.1080.50/685da411ly8hd7ke7os4nj20u00u040k.jpg?KID=imgbed,tva&Expires=1729616878&ssig=VuGoCMckrt",江苏 南京,Fri Aug 02 23:13:53  2024,每日鲜语
醉尘如梦-,"https://tvax4.sinaimg.cn/crop.0.0.1002.1002.50/0073sGILly8gjadecryoyj30ru0ruq4z.jpg?KID=imgbed,tva&Expires=1729616878&ssig=Xvpy%2F7ZYoV",新疆,Fri Aug 02 23:12:57  2024,天润酸奶冰淇淋系列[舔屏][舔屏]
二水三三,"https://tvax2.sinaimg.cn/crop.0.0.500.500.50/006wtTzQly8h314o9lbi1j30dw0dwt91.jpg?KID=imgbed,tva&Expires=1729616878&ssig=qIzHfT0dJ6",山西,Fri Aug 02 23:12:55  2024,小西牛。
评论罗伯特,"https://tvax3.sinaimg.cn/crop.0.0.512.512.50/006i0XtAly8htt0v6r8pjj30e80e874t.jpg?KID=imgbed,tva&Expires=1729616878&ssig=ZvckwJ%2BnRP",海外,Fri Aug 02 23:12:28  2024,公主你可以尝试下西域春的牛奶，口感醇厚，而且营养价值高，配上你的游戏应该很搭哦~
NatEngUB,"https://tva3.sinaimg.cn/crop.50.179.473.473.50/48583a75jw8f95tsd1j8dj20hs0noju3.jpg?KID=imgbed,tva&Expires=1729616878&ssig=2D3qOSZhm8",云南 昆明,Fri Aug 02 23:12:26  2024,云南的欧亚乳业
醉尘如梦-,"https://tvax4.sinaimg.cn/crop.0.0.1002.1002.50/0073sGILly8gjadecryoyj30ru0ruq4z.jpg?KID=imgbed,tva&Expires=1729616879&ssig=1tAJpGi2dv",新疆,Fri Aug 02 23:12:20  2024,花园牛奶
c013w0r1d,"https://tvax4.sinaimg.cn/crop.0.0.1080.1080.50/005TIi4ely8hpjavgke51j30u00u0774.jpg?KID=imgbed,tva&Expires=1729616879&ssig=64IIbEaxqn",湖北 咸宁,Fri Aug 02 23:11:25  2024,好好好
吃太多了吧_,"https://tvax1.sinaimg.cn/crop.0.0.960.960.50/008vN2b2ly8htpiotj30ej30qo0qo410.jpg?KID=imgbed,tva&Expires=1729616880&ssig=R%2FKeOT7o2U",其他,Thu Sep 19 07:49:44  2024,千言万语汇成一句送我
惹了全宇宙,"https://tvax4.sinaimg.cn/crop.0.0.578.578.50/0062jgr3ly8htfkk0gbedj30g20g2q4b.jpg?KID=imgbed,tva&Expires=1729616880&ssig=wBTmEW4MqS",广东,Thu Sep 19 04:49:06  2024,卡哇😭
梦里总是充满希望,"https://tvax3.sinaimg.cn/crop.0.0.814.814.50/007CzBXply1huv8kkcsgaj30mm0mmabs.jpg?KID=imgbed,tva&Expires=1729616880&ssig=A44c6iAghe",其他,Wed Sep 18 21:07:42  2024,好可爱
小天才樱桃兔饼,"https://tvax3.sinaimg.cn/crop.0.0.512.512.50/c5e6b204ly8htm6278wb8j20e80e8gm7.jpg?KID=imgbed,tva&Expires=1729616880&ssig=sfEsR%2BCljw",福建,Wed Sep 18 19:03:53  2024,只要有张元英就送我好吗谢谢
热恋冰清,"https://tvax3.sinaimg.cn/crop.0.0.960.960.50/008rsbUCly8huu1vp0axoj30qo0qotbu.jpg?KID=imgbed,tva&Expires=1729616880&ssig=2j6Z%2FVNMy2",其他,Wed Sep 18 17:25:49  2024,kiyo
发财啦好耶,"https://tvax3.sinaimg.cn/crop.0.0.960.960.50/006bRUNhly8ht72gd2i65j30qo0qotbb.jpg?KID=imgbed,tva&Expires=1729616880&ssig=6Cpg%2FAWu46",安徽,Wed Sep 18 17:24:50  2024,太可爱啦
圆兔收音机,"https://tvax2.sinaimg.cn/crop.0.0.1080.1080.50/008CJls8ly8huqi0sktxzj30u00u0mzz.jpg?KID=imgbed,tva&Expires=1729616880&ssig=R0NsfThqRJ",其他,Wed Sep 18 17:24:38  2024,萌[兔子]
甜味小蘸,"https://tvax4.sinaimg.cn/crop.0.0.1080.1080.50/006Y60fZly8huh8jxkiv4j30u00u0wk2.jpg?KID=imgbed,tva&Expires=1729616880&ssig=Oyjq1r2ra%2F",江苏 连云港,Wed Sep 18 16:50:21  2024,张元英？
Se7enrain-,"https://tvax2.sinaimg.cn/crop.0.0.699.699.50/008fO96cly8huu8g3r2dzj30jf0jf74w.jpg?KID=imgbed,tva&Expires=1729616880&ssig=6tXrG2ETHk",湖南,Wed Sep 18 16:37:27  2024,一句话 送给我[嘻嘻]
·夏日筏纭·,"https://tvax3.sinaimg.cn/crop.0.0.512.512.50/007C07Ikly8huqq065kzej30e80e8dgr.jpg?KID=imgbed,tva&Expires=1729616880&ssig=swNjG1nd9G",海外 芬兰,Wed Sep 18 16:25:32  2024,我要我要[doge][doge]
littcookie,"https://tvax2.sinaimg.cn/crop.0.0.512.512.50/008lUdWqly8hukuwo2axhj30e80e8mxf.jpg?KID=imgbed,tva&Expires=1729616880&ssig=3TIRcs9E%2B2",其他,Wed Sep 18 16:12:59  2024,送我谢谢
乱缘兔,"https://tvax1.sinaimg.cn/crop.0.0.1080.1080.50/008lokq2ly8hs8ojz1c1tj30u00u0n1b.jpg?KID=imgbed,tva&Expires=1729616880&ssig=Hx%2FIwOqURI",其他,Wed Sep 18 16:12:13  2024,kiyo[爱你]
所以暂时将你的龅牙藏了起来,"https://tvax4.sinaimg.cn/crop.0.0.701.701.50/006eDkZ1ly8hujlln8j2qj30jh0jh0th.jpg?KID=imgbed,tva&Expires=1729616880&ssig=%2FfK2Mlm4%2Fv",河南,Wed Sep 18 16:04:23  2024,是什么呢？
不必再为你迁就,"https://tvax2.sinaimg.cn/crop.0.0.1080.1080.50/008xY0MVly8huv5sfyehbj30u00u0whj.jpg?KID=imgbed,tva&Expires=1729616880&ssig=KK55i8ZYRv",其他,Wed Sep 18 16:03:43  2024,@缝合针：: 千言万语汇成一句送我[怒]
川井千春,"https://tvax3.sinaimg.cn/crop.0.0.512.512.50/006XMthtly8huu1u7il0aj30e80e8glz.jpg?KID=imgbed,tva&Expires=1729616880&ssig=9DLIWhVep5",其他,Wed Sep 18 16:01:58  2024,好可爱[兔子]
缝合针,"https://tvax1.sinaimg.cn/crop.0.0.1080.1080.50/0088ukSply8hupuecuyj8j30u00u0400.jpg?KID=imgbed,tva&Expires=1729616880&ssig=t1jYHOcnbr",其他,Wed Sep 18 16:01:54  2024,: 千言万语汇成一句送我
赤城圆,"https://tvax1.sinaimg.cn/crop.0.0.1080.1080.50/005PAMtbly8ht7cje2lwtj30u00u0ahn.jpg?KID=imgbed,tva&Expires=1729616880&ssig=9%2FAaRRhwoO",其他,Wed Sep 18 16:01:38  2024,千言万语汇成一句送我
不必再为你迁就,"https://tvax2.sinaimg.cn/crop.0.0.1080.1080.50/008xY0MVly8huv5sfyehbj30u00u0whj.jpg?KID=imgbed,tva&Expires=1729616880&ssig=KK55i8ZYRv",其他,Wed Sep 18 16:01:18  2024,哇塞哇塞
宏哥就係宏哥,"https://tvax1.sinaimg.cn/crop.0.0.360.360.50/006Cio1Lly8hh4ee263tcj30a00a074g.jpg?KID=imgbed,tva&Expires=1729616881&ssig=jhMk%2FrQ3ga",其他,Mon Jun 17 09:25:39  2024,当年骑单车送玻璃瓶牛奶
熙頭,"https://tvax4.sinaimg.cn/crop.0.0.1080.1080.50/9aa96724ly8fyv3ybirs3j20u00u0ab8.jpg?KID=imgbed,tva&Expires=1729616881&ssig=DPnYeejEgD",广东 广州,Sat Jun 15 07:37:53  2024,真的好耐无见了。我以为被风行收购咗
___我系坏人___,"https://tva2.sinaimg.cn/crop.0.0.180.180.50/8ee0f22fjw1e8qgp5bmzyj2050050aa8.jpg?KID=imgbed,tva&Expires=1729616881&ssig=%2Fa%2BfN6%2BnJF",广东 广州,Fri Jun 14 17:51:18  2024,真没喝过这个牌子的，小时候喝的是玻璃瓶装的燕塘牛奶
三好学生爱逃课,"https://tvax2.sinaimg.cn/crop.0.0.996.996.50/006nt7gWly8gsby2t1eifj30ro0rojtz.jpg?KID=imgbed,tva&Expires=1729616881&ssig=gD7igSdTsj",江苏,Fri Jun 14 07:42:03  2024,第一次见[并不简单]
Vancouver313,"https://tvax3.sinaimg.cn/crop.0.0.1125.1125.50/006B4JSQly8fqidtmc63rj30v90v9766.jpg?KID=imgbed,tva&Expires=1729616881&ssig=xHEFtl86UB",北京 东城区,Fri Jun 14 00:09:20  2024,佛山出的[哈哈]
X李很阳光,"https://tvax3.sinaimg.cn/crop.0.0.1080.1080.50/008y3DG3ly8hu7au331odj30u00u0jtb.jpg?KID=imgbed,tva&Expires=1729616881&ssig=MEa4%2BCiGOP",其他,Thu Jun 13 22:33:38  2024,没有喝过
YANG-OC,"https://tvax4.sinaimg.cn/crop.0.0.664.664.50/715ca891ly8fjspli0edvj20ig0igmyo.jpg?KID=imgbed,tva&Expires=1729616881&ssig=5c4SaHSgsW",广东 广州,Thu Jun 13 22:01:45  2024,[并不简单]
妮妤不可及,"https://tvax3.sinaimg.cn/crop.0.0.1002.1002.50/0077SjY5ly8gjkp6ugug0j30ru0rumy2.jpg?KID=imgbed,tva&Expires=1729616881&ssig=UlSuo%2BdGjz",广东,Thu Jun 13 22:00:40  2024,我不懂
巨蟹座悟空,"https://tva3.sinaimg.cn/crop.0.0.180.180.50/6e96f119jw1e8qgp5bmzyj2050050aa8.jpg?KID=imgbed,tva&Expires=1729616881&ssig=8p1nXMIQfq",广东 广州,Thu Jun 13 21:58:32  2024,记忆中的百富露，现实中的白富美。[可爱]
張国荣Champion,"https://tvax4.sinaimg.cn/crop.0.0.512.512.50/007UV231ly8hg79mv7298j30e80e8gm9.jpg?KID=imgbed,tva&Expires=1729616881&ssig=XTA1e6fsWa",海外 法国,Thu Jun 13 21:56:25  2024,哈哈哈广东特色吧，我喝的叫妙恋的小洋人[航天员]一种奶
朴信男,"https://tvax3.sinaimg.cn/crop.0.0.512.512.50/008e6JY1ly8gyldqikngkj30e80e8gmo.jpg?KID=imgbed,tva&Expires=1729616881&ssig=H5b3lafZ9L",其他,Thu Jun 13 21:54:57  2024,极端天气注意安全～
王涵漂泊在上海,"https://tvax1.sinaimg.cn/crop.0.0.1018.1018.50/81d08d05ly8gigl94xuflj20sa0saq54.jpg?KID=imgbed,tva&Expires=1729616881&ssig=%2FOo3HoCc%2B6",其他,Thu Jun 13 21:54:46  2024,表示没见过[鲜花]
芸芸朝朝,"https://tvax2.sinaimg.cn/crop.0.0.1024.1024.50/85a4898bly8hansisfeqrj20sg0sg76x.jpg?KID=imgbed,tva&Expires=1729616882&ssig=nTWp%2B3GoOZ",四川 成都,Wed Apr 24 20:31:25  2024,转发微博
超话社区,"https://tvax3.sinaimg.cn/crop.0.0.1080.1080.50/006pQfMcly8h8v3tovfguj60u00u0q3z02.jpg?KID=imgbed,tva&Expires=1729616882&ssig=yPZHqI6p1q",北京,Wed Apr 24 19:39:30  2024,你好，你感兴趣的“姜撞奶”已开通了超话社区～ 超话社区是微博旗下兴趣互动社区，快来与志同道合的小伙伴们一起交流互动吧！ 戳我进入>> #姜撞奶[超话]#
话梅痣,"https://tvax2.sinaimg.cn/crop.0.0.1080.1080.50/0088DbVYly8huspy3k9mfj30u00u03zj.jpg?KID=imgbed,tva&Expires=1729616883&ssig=D6WKoY2A9x",湖南,Sat Sep 14 16:42:14  2024,怎么没有酸奶！
杳江晚_,"https://tvax2.sinaimg.cn/crop.0.0.1080.1080.50/008m3Mqbly8hn0byuj8pvj30u00u0jtl.jpg?KID=imgbed,tva&Expires=1729616883&ssig=wGoxvnhaR4",江苏 南京,Fri Sep 06 15:08:04  2024,坐办公室真爽啊姐
文妤逸,"https://tvax2.sinaimg.cn/crop.36.0.888.888.50/008gavxMly8hijo1filjsj30qo0ooac3.jpg?KID=imgbed,tva&Expires=1729616883&ssig=ts3nWUGzSz",云南 曲靖,Thu Sep 05 19:21:01  2024,哈哈哈哈哈哈，你这愣是没一杯矿泉水啊[哆啦A梦害怕]
维他甜,"https://tvax1.sinaimg.cn/crop.0.0.1080.1080.50/008fJd13ly8huvfyjnkzyj30u00u0mz5.jpg?KID=imgbed,tva&Expires=1729616883&ssig=s6zACg7U2p",重庆,Thu Sep 05 18:43:18  2024,你这工位舒服了
维他甜,"https://tvax1.sinaimg.cn/crop.0.0.1080.1080.50/008fJd13ly8huvfyjnkzyj30u00u0mz5.jpg?KID=imgbed,tva&Expires=1729616883&ssig=s6zACg7U2p",重庆,Thu Sep 05 18:43:05  2024,我天天在学校喝冰水[允悲]热的我
维他甜,"https://tvax1.sinaimg.cn/crop.0.0.1080.1080.50/008fJd13ly8huvfyjnkzyj30u00u0mz5.jpg?KID=imgbed,tva&Expires=1729616883&ssig=s6zACg7U2p",重庆,Thu Sep 05 18:42:54  2024,古茗新品吗怎么样
星星桃7,"https://tvax2.sinaimg.cn/crop.0.0.1080.1080.50/008nHJs6ly8huu7rj71ydj30u00u0ab0.jpg?KID=imgbed,tva&Expires=1729616883&ssig=D%2BS8SoITGK",浙江,Thu Sep 05 17:20:45  2024,喝这么多哈哈哈哈哈
毛毛鞋和雨伞,"https://tvax3.sinaimg.cn/crop.0.0.1023.1023.50/008qIgwTly8hb0ya91zfpj30sg0sftbf.jpg?KID=imgbed,tva&Expires=1729616883&ssig=lNxH8Pl5SL",浙江,Thu Sep 05 17:18:23  2024,好好好[偷笑][偷笑][偷笑][偷笑][偷笑]宝贝不胖 随便喝
不爱蛋黄酥_,"https://tvax2.sinaimg.cn/crop.0.0.512.512.50/007SKrTGly8hqwfjqz8b6j30e80e8jrw.jpg?KID=imgbed,tva&Expires=1729616883&ssig=05CaxpbRST",其他,Thu Sep 05 15:53:38  2024,哈哈哈哈哈坐在那儿就是喝
你的小宋佳,"https://tvax4.sinaimg.cn/crop.0.0.827.827.50/edae9193ly8hr5utbrz6uj20mz0mzmxk.jpg?KID=imgbed,tva&Expires=1729616883&ssig=H5gPAQUbXc",江苏,Thu Sep 05 15:36:03  2024,抹茶那个好喝吗 我刚刚喝了杯一点点[偷乐]
·小南星球记VvvVvV·,"https://tvax3.sinaimg.cn/crop.0.0.1080.1080.50/006BgzIqly8hmmifd8f2lj30u00u0whg.jpg?KID=imgbed,tva&Expires=1729616883&ssig=D2Fr%2FGz%2FoW",其他,Thu Sep 05 14:14:41  2024,哪个最好喝
吃口小梨,"https://tvax3.sinaimg.cn/crop.0.0.1077.1077.50/006385t9ly8hu6qxksugdj30ty0tx0wg.jpg?KID=imgbed,tva&Expires=1729616883&ssig=1DM4vab8bF",其他,Thu Sep 05 13:59:50  2024,我天天在公司喝热水哈哈哈哈
吃口小梨,"https://tvax3.sinaimg.cn/crop.0.0.1077.1077.50/006385t9ly8hu6qxksugdj30ty0tx0wg.jpg?KID=imgbed,tva&Expires=1729616883&ssig=1DM4vab8bF",其他,Thu Sep 05 13:59:35  2024,我觉得这个抹茶的好喝！
狐狸吻我,"https://tvax2.sinaimg.cn/crop.0.0.1080.1080.50/007a0uhCly8huf8dfmvu6j30u00u078r.jpg?KID=imgbed,tva&Expires=1729616883&ssig=UEKNqNNH55",浙江,Thu Sep 05 13:51:14  2024,给我喝
你走慢1点,"https://tvax4.sinaimg.cn/crop.0.0.512.512.50/6c8bf6e1ly8hughz7k5pdj20e80e8753.jpg?KID=imgbed,tva&Expires=1729616883&ssig=BhjMoeXjr6",甘肃 兰州,Thu Sep 05 13:29:50  2024,要不素大姨妈我也喝！
你走慢1点,"https://tvax4.sinaimg.cn/crop.0.0.512.512.50/6c8bf6e1ly8hughz7k5pdj20e80e8753.jpg?KID=imgbed,tva&Expires=1729616883&ssig=BhjMoeXjr6",甘肃 兰州,Thu Sep 05 13:29:39  2024,好喝爱喝
戳心窝窝子,"https://tvax4.sinaimg.cn/crop.0.0.593.593.50/005J9xDxly8hqphx8t36uj30gh0ghmxo.jpg?KID=imgbed,tva&Expires=1729616883&ssig=tn19Qqba%2B1",云南 昆明,Thu Sep 05 13:24:30  2024,这个椰子汁尊的很好喝[哇][哇][哇][哇]
_糖醋小排骨_o,"https://tvax1.sinaimg.cn/crop.0.0.956.956.50/007B2iaUly8hu6qe2gbj7j30qk0qkabu.jpg?KID=imgbed,tva&Expires=1729616883&ssig=GTlVlR%2Fgk4",辽宁,Thu Sep 05 13:18:07  2024,我们学校旁边有一家免配送费的喜茶[努力]
黎耶,"https://tvax4.sinaimg.cn/crop.0.0.1080.1080.50/3e1d41daly8hsm8025arvj20u00u0tbi.jpg?KID=imgbed,tva&Expires=1729616883&ssig=%2FVvzlJzZ8B",海外,Thu Sep 05 13:08:08  2024,笑死我了
_小魚吐泡泡_,"https://tvax3.sinaimg.cn/crop.0.0.512.512.50/008xaf2Ply8huh9tsifjpj30e80e8q3d.jpg?KID=imgbed,tva&Expires=1729616883&ssig=JAsh5%2BXB0F",甘肃,Thu Sep 05 13:02:30  2024,渴就喝
_小魚吐泡泡_,"https://tvax3.sinaimg.cn/crop.0.0.512.512.50/008xaf2Ply8huh9tsifjpj30e80e8q3d.jpg?KID=imgbed,tva&Expires=1729616885&ssig=G7us2O8%2FgD",甘肃,Thu Sep 05 13:02:19  2024,哈哈哈
粥杏子,"https://tvax4.sinaimg.cn/crop.0.0.1080.1080.50/007Fbiv2ly8huvcfz7kwej30u00u0421.jpg?KID=imgbed,tva&Expires=1729616885&ssig=kvq835k5DV",澳门,Thu Sep 05 12:58:24  2024,啊啊这么喝不会拉肚子吗
铃昕点邢,"https://tvax1.sinaimg.cn/crop.0.0.1080.1080.50/006Vu3TTly8huaujhx2n6j30u00u0ju6.jpg?KID=imgbed,tva&Expires=1729616885&ssig=dnAjKt5qv5",江苏,Thu Sep 05 12:50:33  2024,给我一杯呢
偶像色,"https://tvax4.sinaimg.cn/crop.0.0.512.512.50/008abZr1ly8huv9irlop9j30e80e8759.jpg?KID=imgbed,tva&Expires=1729616885&ssig=U00jz0aIZb",其他,Thu Sep 05 12:44:29  2024,哈哈哈哈哈哈哈哈就这么
烦心事_FAN,"https://tvax3.sinaimg.cn/crop.0.0.1080.1080.50/008cdhz3ly8htc2zajx7bj30u00u0gpp.jpg?KID=imgbed,tva&Expires=1729616885&ssig=aH045OqA9H",其他,Thu Sep 05 12:44:16  2024,哈哈哈哈喝完就不用吃饭了[doge]
首席磕学部长,"https://tvax4.sinaimg.cn/crop.0.0.960.960.50/007P6ikkly8hupo8b98qhj30qo0qoq4n.jpg?KID=imgbed,tva&Expires=1729616885&ssig=xeStepGQDe",重庆,Thu Sep 05 12:41:08  2024,我愿意帮你分担这甜蜜的负担
和易,"https://tvax2.sinaimg.cn/crop.0.0.1080.1080.50/9ffcbf23ly8husufcv5qbj20u00u0gna.jpg?KID=imgbed,tva&Expires=1729616885&ssig=frbi07NWyj",浙江,Thu Sep 05 12:33:15  2024,还好还好多喝水好
超话社区,"https://tvax3.sinaimg.cn/crop.0.0.1080.1080.50/006pQfMcly8h8v3tovfguj60u00u0q3z02.jpg?KID=imgbed,tva&Expires=1729616885&ssig=lCZ25mNAxD",北京,Thu Sep 05 12:30:04  2024,你好，你感兴趣的“饮料”已开通了超话社区～ 超话社区是微博旗下兴趣互动社区，快来与志同道合的小伙伴们一起交流互动吧！ 戳我进入>> #饮料[超话]#
远方的枫林云海,"https://tva3.sinaimg.cn/crop.365.1.638.638.50/e0e8e798jw1e8f8agx4bsj20sg0lcaxu.jpg?KID=imgbed,tva&Expires=1729616886&ssig=v19acyVOHZ",其他,Wed Oct 09 16:27:59  2024,一起努力！
秋晨清雨,"https://tva2.sinaimg.cn/crop.0.0.540.540.50/e1e5c727jw8eh3o81epcxj20f00f0gmu.jpg?KID=imgbed,tva&Expires=1729616886&ssig=L1dfCWliEg",其他,Wed Oct 09 16:16:18  2024,想喝一杯奶咖。
我本善良心,"https://tva2.sinaimg.cn/crop.0.0.540.540.50/e48785b8jw8eh3nn1yl5ej20f00f0t92.jpg?KID=imgbed,tva&Expires=1729616886&ssig=LNRoaE2xsH",陕西 宝鸡,Wed Oct 09 15:57:32  2024,努力工作！健康生活！
Douglaass,"https://tvax3.sinaimg.cn/crop.0.0.1080.1080.50/006CYBUEly8he64syyrxjj30u00u177l.jpg?KID=imgbed,tva&Expires=1729616886&ssig=q3cCn5oMRg",浙江 宁波,Wed Oct 09 14:51:10  2024,我就是典型的卷心菜！90后就是要整顿职场，左手工作，右手生活，是卷王的基本操作，如何破内卷，我下班走之前拿出小福的牛奶🥛 往桌子上一放，椅子上专门放个背包，虚晃一枪，让他们觉得我要加班，卷翻他们[阴险] http://t.cn/A6EYiiUH
参禅星月夜,"https://tva4.sinaimg.cn/crop.67.0.465.465.50/de48e177jw8e8bl90dkq3j20go0cxwhd.jpg?KID=imgbed,tva&Expires=1729616886&ssig=VVlV6PdTUN",其他,Wed Oct 09 13:45:43  2024,抖擞精神，开工搬砖！[加油][加油][加油]
花露水佐佐木,"https://tvax1.sinaimg.cn/crop.0.0.690.690.50/0063mklqly8h10d332u9qj30j60j6glz.jpg?KID=imgbed,tva&Expires=1729616886&ssig=FLuZZ5abcj",甘肃 武威,Wed Oct 09 11:55:46  2024,太喜欢加班了！[doge]卷起来有种神魂俱灭的感觉。下班变身神话悟空打怪，小孩子才做选择，我们成年人，都是做牛做马做不完的活[笑cry]目前面临想跳槽的窘境。但公司的大老板人非常好的，平时加班还会给我们带夜宵。国庆节也给我发了红包，虽然不多，可是好感动～❤️
无言opi,"https://tvax2.sinaimg.cn/crop.0.0.1080.1080.50/008Bt57Gly8hsxz5is5ifj30u00u0aba.jpg?KID=imgbed,tva&Expires=1729616886&ssig=rexxVOv2%2Fk",江苏 连云港,Tue Oct 08 19:05:27  2024,来瓶纽麦福开启元气满满的一天[doge]
红酒一一玫瑰人生,"https://tva1.sinaimg.cn/crop.0.60.240.240.50/dfdb9bd3jw8e8bl1bi7kwj206o0a00sz.jpg?KID=imgbed,tva&Expires=1729616886&ssig=6jF%2Bdh2qrc",香港,Tue Oct 08 14:43:06  2024,刚开工，就有一大堆砖等我搬！[摊手]
leahamne,"https://tvax2.sinaimg.cn/crop.0.0.512.512.50/8f5416daly8fqci92vewgj20e80e8t92.jpg?KID=imgbed,tva&Expires=1729616886&ssig=JggHKKpZdo",重庆 九龙坡区,Tue Oct 08 14:30:06  2024,早就在搬砖了[加油]
一枚小仙仙儿,"https://tvax3.sinaimg.cn/crop.0.0.1080.1080.50/005NRFykly8hplzy32tt6j30u00u042k.jpg?KID=imgbed,tva&Expires=1729616886&ssig=L36vIj8q3d",其他,Tue Oct 08 11:35:18  2024,呜[衰]，小福上次的奖品6.0高蛋白纯牛奶收货了，我妈说好喝，这不国庆还没过完就剩一个了，别的奶不喝，把6.0倒数第二个给我喝掉了，我肉疼的赶紧把最后一个藏起来[抱一抱]，哎呀，太好喝咯，俺谁也不给喝了～
高老庄庄主_猪八戒,"https://tvax4.sinaimg.cn/crop.0.0.512.512.50/008CmazGly8hlvojjx21lj30e80e8wf4.jpg?KID=imgbed,tva&Expires=1729616886&ssig=4%2B5OpEUE8Z",其他,Tue Oct 08 10:02:25  2024,老猪我搬砖也要精神满满，小福加油，奶香四溢好运来~
超话社区,"https://tvax3.sinaimg.cn/crop.0.0.1080.1080.50/006pQfMcly8h8v3tovfguj60u00u0q3z02.jpg?KID=imgbed,tva&Expires=1729616886&ssig=bE7U8eqCRc",北京,Tue Oct 08 10:00:47  2024,你好，你感兴趣的“牛奶”已开通了超话社区～ 超话社区是微博旗下兴趣互动社区，快来与志同道合的小伙伴们一起交流互动吧！ 戳我进入>> #牛奶[超话]#
托马斯炒牛股08,"https://tvax3.sinaimg.cn/crop.59.53.166.166.50/6939d1a9ly8fu2ldrfipfj208b07rmxl.jpg?KID=imgbed,tva&Expires=1729616887&ssig=KM2F%2B7V%2FlR",上海,Wed Jul 24 17:43:42  2024,[good][给力][赞啊]
vicky来福他爹,"https://tva4.sinaimg.cn/crop.0.0.180.180.50/5ecbd03ejw1e8qgp5bmzyj2050050aa8.jpg?KID=imgbed,tva&Expires=1729616887&ssig=QS24vWgLPh",上海 黄浦区,Wed Jul 24 13:54:16  2024,哈哈
黎明之前zxcvbnm,"https://tvax2.sinaimg.cn/crop.0.0.960.960.50/006tSrSnly8hjjvma6vesj30qo0qoadi.jpg?KID=imgbed,tva&Expires=1729616887&ssig=363ybrAwXu",天津,Tue Jul 23 20:05:47  2024,尹哥今天算逗哏还是捧哏呢[笑cry]
用户5541225715,"https://tvax1.sinaimg.cn/default/images/default_avatar_male_50.gif?KID=imgbed,tva&Expires=1729616888&ssig=6zJrKu%2FNbz",四川,Tue Jul 09 09:55:53  2024,[good]
采姑的娘小蘑菇,"https://tvax3.sinaimg.cn/crop.0.0.612.612.50/9c00eee5ly8husn25dg16j20h00h0q38.jpg?KID=imgbed,tva&Expires=1729616888&ssig=6bV73yPsDn",广东 深圳,Mon Jul 08 22:35:07  2024,这。。。吃饭的时候不能看！[doge]
钢人奥特曼,"https://tvax3.sinaimg.cn/crop.0.0.812.812.50/3ee77d0cly8h2diqmgma3j20mk0mkwhk.jpg?KID=imgbed,tva&Expires=1729616888&ssig=QUMj8RkbzD",山东 青岛,Mon Jul 08 22:11:58  2024,玻璃杯竟然完好无损
喝咖啡的大尾巴狼,"https://tva4.sinaimg.cn/crop.0.0.180.180.50/56702d39jw1e8qgp5bmzyj2050050aa8.jpg?KID=imgbed,tva&Expires=1729616888&ssig=yROqzg8l%2Fz",上海 普陀区,Mon Jul 08 22:10:56  2024,Biu biu biu～
丶花弄七月,"https://tvax3.sinaimg.cn/crop.0.0.500.500.50/73ea21f1ly8hkwkcekoj2j20dw0dwq3v.jpg?KID=imgbed,tva&Expires=1729616889&ssig=CwQDvc1Sxo",重庆 南岸区,Fri Jun 14 23:15:38  2024,支持博主
曟光书坊,"https://tvax4.sinaimg.cn/crop.0.0.500.500.50/4d4f3269ly8hrbynwkiroj20dw0dwgmi.jpg?KID=imgbed,tva&Expires=1729616889&ssig=Wd1wm0NrAp",湖北,Fri Jun 14 21:51:33  2024,学到了[心][鲜花]晚上好
诗涵_Coey,"https://tvax1.sinaimg.cn/crop.0.0.1080.1080.50/70fba144ly8hprgw08v6ej20u00u0gs8.jpg?KID=imgbed,tva&Expires=1729616889&ssig=CYoGcFUdbg",广东,Fri Jun 14 20:19:22  2024,鲜奶更好喝
冉筱铃,"https://tvax3.sinaimg.cn/crop.0.0.1080.1080.50/0086SY88ly8hmn8bkowupj30u00u0whu.jpg?KID=imgbed,tva&Expires=1729616889&ssig=TmneQcN8NB",其他,Fri Jun 14 17:57:46  2024,下午好[哇]
娱乐顶流日记,"https://tvax2.sinaimg.cn/crop.0.0.1080.1080.50/006DZN7Hly8ho7myyirb6j30u00u040v.jpg?KID=imgbed,tva&Expires=1729616889&ssig=n0ubn9Nvx9",广东,Fri Jun 14 15:59:28  2024,营养
枫哥网事,"https://tvax4.sinaimg.cn/crop.0.0.480.480.50/006bO2kYly8hplljn77yzj30dc0dct93.jpg?KID=imgbed,tva&Expires=1729616889&ssig=88yhsCCEbe",黑龙江,Fri Jun 14 15:41:27  2024,感谢分享
兰兰的玫瑰-AAC,"https://tvax1.sinaimg.cn/crop.0.0.1080.1080.50/008EcjyVly8huop0yz808j30u00u0ju8.jpg?KID=imgbed,tva&Expires=1729616889&ssig=L68%2F3yLYly",海外,Fri Jun 14 15:31:59  2024,[鼓掌][鼓掌][鼓掌]
文道生aa,"https://tvax3.sinaimg.cn/crop.0.0.1006.1006.50/d123e1efly8g5sp3mcg3aj20ry0ryade.jpg?KID=imgbed,tva&Expires=1729616889&ssig=vbDQOD0%2BZW",北京 密云区,Fri Jun 14 15:28:16  2024,支持来了
青涩·薄荷,"https://tvax2.sinaimg.cn/crop.0.0.1080.1080.50/005udToLly8ht3e30pygoj30u00u0tar.jpg?KID=imgbed,tva&Expires=1729616889&ssig=ICAVj5Skvb",江苏,Fri Jun 14 15:18:44  2024,因为生活值得，所以频繁记录
生活煮酒-,"https://tvax4.sinaimg.cn/crop.0.0.1080.1080.50/007WVbaply8hbmfd24t30j30u00u0n1x.jpg?KID=imgbed,tva&Expires=1729616889&ssig=x4wotbTDSL",其他,Fri Jun 14 15:15:05  2024,营养更丰富
体育避风港,"https://tvax1.sinaimg.cn/crop.0.0.450.450.50/006J5g4Yly8h2aiyb4ajrj30ci0ci751.jpg?KID=imgbed,tva&Expires=1729616889&ssig=8qCf7evXF6",湖南,Fri Jun 14 15:10:49  2024,下午好
辉哥聊球888,"https://tvax3.sinaimg.cn/crop.0.0.1000.1000.50/006cGw84ly8hnqu5w2wnej30rs0rsdky.jpg?KID=imgbed,tva&Expires=1729616889&ssig=jOGDDUiuRi",其他,Fri Jun 14 14:56:29  2024,低温好
小窗阅读,"https://tvax2.sinaimg.cn/crop.0.0.600.600.50/006J6WIkly8hn2dnr6hcmj30go0godhe.jpg?KID=imgbed,tva&Expires=1729616889&ssig=TZyQCW0EJR",其他,Fri Jun 14 13:31:32  2024,不要人夸好颜色，只流清气满乾坤
-公主小鸭-,"https://tvax1.sinaimg.cn/crop.0.0.580.580.50/005BRVTmly8htdpmj88i1j30g40g4gm8.jpg?KID=imgbed,tva&Expires=1729616889&ssig=4omvKxpPKQ",其他,Fri Jun 14 13:25:16  2024,感谢分享
浊酒史话,"https://tvax4.sinaimg.cn/crop.0.0.765.765.50/006pNMa4ly8hlgun3jpfmj30l90l9gmi.jpg?KID=imgbed,tva&Expires=1729616889&ssig=JLLwNkASG%2F",江西,Fri Jun 14 13:11:42  2024,[good][good][good]
柚子豆妈,"https://tvax1.sinaimg.cn/crop.0.0.1080.1080.50/006YekfUly8hrpvvtkv95j30u00u0tb9.jpg?KID=imgbed,tva&Expires=1729616889&ssig=QqeZywV%2FMB",其他,Fri Jun 14 13:01:12  2024,原来这样啊。很喜欢
安安的心灵小屋,"https://tvax3.sinaimg.cn/crop.0.0.930.930.50/005ADPu7ly8hqsiymih8tj30pu0puq5s.jpg?KID=imgbed,tva&Expires=1729616889&ssig=kMYrVXVXci",其他,Fri Jun 14 13:00:05  2024,谢谢分享[鲜花][鲜花][鲜花][给力]
多角度三农,"https://tvax1.sinaimg.cn/crop.0.0.1080.1080.50/006ILJz4ly8htcy7jilzfj30u00u0whc.jpg?KID=imgbed,tva&Expires=1729616889&ssig=ZOXeIlnS6y",河南,Fri Jun 14 12:58:47  2024,学到了
苏打水的奶茶人生,"https://tvax2.sinaimg.cn/crop.0.0.960.960.50/006LTMkWly8hg4v4hjnp2j30qo0qo773.jpg?KID=imgbed,tva&Expires=1729616889&ssig=Lw7elJN4YP",四川,Fri Jun 14 12:58:47  2024,涨知识了
邢昭林的铃铛芹芹,"https://tvax2.sinaimg.cn/crop.0.0.512.512.50/007v40YXly8hu2nvwg75dj30e80e83z3.jpg?KID=imgbed,tva&Expires=1729616889&ssig=nNK%2Bf5dzwX",广东 深圳,Fri Jun 14 12:58:09  2024,感谢分享
EOS柚子之家,"https://tvax3.sinaimg.cn/crop.0.163.632.632.50/9ddb027ely8fminqsun2aj20hs0npn29.jpg?KID=imgbed,tva&Expires=1729616890&ssig=FI0pSPw7Uq",海南 海口,Fri Jun 14 12:56:14  2024,美味不错
伊典花事,"https://tvax2.sinaimg.cn/crop.0.0.664.664.50/abd48e32ly8gqfnon2mpej20ig0igaas.jpg?KID=imgbed,tva&Expires=1729616890&ssig=ED00V2XHNl",上海 卢湾区,Fri Jun 14 12:56:12  2024,知识帖[赞][赞][赞]
包纸DVD,"https://tvax2.sinaimg.cn/crop.0.0.1080.1080.50/0061X3Ssly8hraopyhmluj30u00u0tba.jpg?KID=imgbed,tva&Expires=1729616890&ssig=yDPNXPpUyo",其他,Fri Jun 14 12:55:56  2024,学到了
柳与柔,"https://tvax4.sinaimg.cn/crop.0.0.720.720.50/008qoDAtly8hpk3b6pvrhj30k00k0t9c.jpg?KID=imgbed,tva&Expires=1729616890&ssig=bUJ5KYeFN6",北京,Fri Jun 14 12:53:23  2024,下午好
浮生弋盏茶,"https://tvax1.sinaimg.cn/crop.0.0.1080.1080.50/6db89c61ly8hu8cemh8crj20u00u0jtc.jpg?KID=imgbed,tva&Expires=1729616890&ssig=bpvJ1B526N",河北 保定,Fri Jun 14 12:53:13  2024,原来如此
星辰说体育,"https://tvax2.sinaimg.cn/crop.0.0.400.400.50/008yI4fqly8hpztd0zdlnj30b40b43yv.jpg?KID=imgbed,tva&Expires=1729616890&ssig=Vi0LFMs9Un",广东,Fri Jun 14 12:52:52  2024,谢谢博主的分享
我就是一个笑脸,"https://tvax3.sinaimg.cn/crop.0.0.1080.1080.50/008B2c7nly8htdxx1hnmzj30u00u0n1d.jpg?KID=imgbed,tva&Expires=1729616890&ssig=JpJepGF8IX",湖北,Fri Jun 14 12:50:31  2024,wow
诗路乀,"https://tvax3.sinaimg.cn/crop.0.0.1080.1080.50/a4d4adc7ly8h8s5u0x42bj20u00u00u2.jpg?KID=imgbed,tva&Expires=1729616890&ssig=LLJBeU6EMb",江苏,Fri Jun 14 12:29:09  2024,下午好[鲜花][鲜花][鲜花]
关于郑州的记忆_-,"https://tvax4.sinaimg.cn/crop.0.0.844.844.50/006H27XKly8hhc5vwjaysj30ng0ngadg.jpg?KID=imgbed,tva&Expires=1729616891&ssig=UPZCkRUvsL",河南,Wed Jul 03 18:57:39  2024,棒
pier77403,"https://tva3.sinaimg.cn/crop.0.0.100.100.50/005UCJhSjw8epkuxuhr00j302s02s0sl.jpg?KID=imgbed,tva&Expires=1729616891&ssig=KEqRTXiS9G",其他,Sat Jun 29 18:52:23  2024,祝贺入选的孩子们[送花花][送花花][送花花]花花小牛🐮[good][good][good]
建业-守望,"https://tvax1.sinaimg.cn/crop.0.0.1080.1080.50/007sY8h3ly8gzbrcovu5qj30u00u0aco.jpg?KID=imgbed,tva&Expires=1729616891&ssig=obaKXFCP7O",河南 郑州,Thu Jun 27 14:09:18  2024,恭喜[鲜花][心][打call]
伊笑花开,"https://tvax1.sinaimg.cn/crop.0.0.996.996.50/4497e626ly8gmm6wyqwhhj20ro0rpjtk.jpg?KID=imgbed,tva&Expires=1729616891&ssig=35tH8ClrRG",湖北 武汉,Thu Jun 27 10:34:57  2024,[允悲]
随便的绿色煲仔饭,"https://tvax4.sinaimg.cn/crop.0.0.828.828.50/720e0945ly8htvrpfwgx4j20n00n00u2.jpg?KID=imgbed,tva&Expires=1729616891&ssig=DdBo3G9giB",其他,Wed Jun 26 13:06:02  2024,宝贝入选啦，感谢花花牛[送花花][送花花]
大大怪大将军,"https://tva1.sinaimg.cn/crop.0.0.180.180.50/54583ca5jw1e8qgp5bmzyj2050050aa8.jpg?KID=imgbed,tva&Expires=1729616891&ssig=Ce%2BYwYaGFL",河南 郑州,Wed Jun 26 13:00:25  2024,俩孩子双双入围，可喜可贺🎉花花牛[给力]河南足球队[打call][打call][打call]
六子smile,"https://tva4.sinaimg.cn/crop.0.0.512.512.50/afef58ebjw8f0exxdirbaj20e80e80t7.jpg?KID=imgbed,tva&Expires=1729616891&ssig=3ZK7GItjlh",河南,Wed Jun 26 12:08:35  2024,[打call][打call][打call]
评论罗伯特,"https://tvax3.sinaimg.cn/crop.0.0.512.512.50/006i0XtAly8htt0v6r8pjj30e80e874t.jpg?KID=imgbed,tva&Expires=1729616891&ssig=ZN8T3fYoXP",海外,Wed Jun 26 10:32:35  2024,小朋友们的未来之星，已经在绿茵场上闪烁了！看，那是希望的种子在萌芽，未来的球星或许就藏在他们中间呢！喝口牛奶，壮壮身体，球场见咯！畜牧业也要为体育事业加油哦！
不受人惑,"https://tva1.sinaimg.cn/crop.0.0.180.180.50/70145fbfjw1e8qgp5bmzyj2050050aa8.jpg?KID=imgbed,tva&Expires=1729616892&ssig=2FkwA9Txta",辽宁 朝阳,Thu Mar 21 13:12:54  2024,对吗
Lazbjhn,"https://tvax1.sinaimg.cn/default/images/default_avatar_female_50.gif?KID=imgbed,tva&Expires=1729616892&ssig=O2tEoyv7r4",广西 柳州,Wed Mar 20 15:49:30  2024,说得好
就这么走走,"https://tvax1.sinaimg.cn/crop.0.0.512.512.50/63c2c119ly8hfg5dyazfoj20e80e8t9f.jpg?KID=imgbed,tva&Expires=1729616892&ssig=DFBsAXD%2F1u",其他,Wed Mar 20 15:44:07  2024,我女儿3岁开始不喝牛奶之后胃口的确好多了
逗比人生才有料,"https://tvax1.sinaimg.cn/crop.0.0.996.996.50/c31c1c9aly8gfpematxsvj20ro0ro0u2.jpg?KID=imgbed,tva&Expires=1729616892&ssig=xRIxhq0Pxf",北京,Wed Mar 20 15:15:05  2024,豆浆 怕转基因
溪心洞村最靓的仔,"https://tvax3.sinaimg.cn/crop.0.0.512.512.50/007vF7UVly8grbr4ohseyj30e80e8js5.jpg?KID=imgbed,tva&Expires=1729616892&ssig=2dHcnp3odW",广西 贺州,Wed Mar 20 14:31:24  2024,奶粉呢
微博乳业,"https://tvax4.sinaimg.cn/crop.64.22.329.329.50/006Iomgely8h8wdd8bxpjj30ay09sjrb.jpg?KID=imgbed,tva&Expires=1729616892&ssig=o8Ed17wHgw",北京,Mon Mar 18 14:41:43  2024,#微博公开课##微博知识手册#牛奶原来也是添加剂重灾区[汗]
有黑狗的黑猫,"https://tvax3.sinaimg.cn/crop.0.0.1080.1080.50/c6caeb2cly8gi4wvi2vaoj20u00u0jtw.jpg?KID=imgbed,tva&Expires=1729616892&ssig=irLJ6CIIjq",海外,Sun Mar 17 21:24:51  2024,我回国时给孩子买酸奶，大润发2个大货架冰柜的酸奶，我挨个看配料表，竟然只有2种能喝[汗]回国自己吃什么都无所谓，给孩子挑吃的真是太费劲了。看完配料表啥也不想买
CFD林花谢了春红123,"https://tvax4.sinaimg.cn/crop.0.0.996.996.50/002jfKgBly8gugc31mfi7j60ro0roach02.jpg?KID=imgbed,tva&Expires=1729616892&ssig=YSLyUAJPN6",河北 唐山,Sun Mar 17 19:43:28  2024,非转基因黄豆打豆浆
自求自得,"https://tvax2.sinaimg.cn/crop.0.0.1080.1080.50/006TfM6Cly8hj1fa4d44lj30u00u0mzi.jpg?KID=imgbed,tva&Expires=1729616892&ssig=BAztm4ORD3",其他,Sun Mar 17 09:25:37  2024,奶奶，读的不错[good]
用户6291830761,"https://tvax4.sinaimg.cn/crop.0.0.640.640.50/006RNSBjly8fhfu12iscyj30hs0hsmxr.jpg?KID=imgbed,tva&Expires=1729616892&ssig=RahaHKaoGv",其他,Sun Mar 17 03:10:03  2024,你说的是调制乳的
北京簕杜鹃,"https://tva4.sinaimg.cn/crop.0.0.180.180.50/7b6f2c75jw1e8qgp5bmzyj2050050aa8.jpg?KID=imgbed,tva&Expires=1729616892&ssig=KNNkkPAQ6z",北京 朝阳区,Sun Mar 17 00:06:00  2024,[赞]
绝梵珊珊,"https://tvax1.sinaimg.cn/crop.0.0.1080.1080.50/008btyBily8gqhl7m85c4j30u00u0juk.jpg?KID=imgbed,tva&Expires=1729616892&ssig=6qQcVoM%2FXe",山东 济宁,Sat Mar 16 20:37:14  2024,国内还有啥是安全的那[允悲]
雪山飞猫aa,"https://tvax3.sinaimg.cn/crop.0.0.1080.1080.50/a38ac071ly8gq1ompfoy4j20u00u0123.jpg?KID=imgbed,tva&Expires=1729616892&ssig=NHOXNhWtt8",湖北,Sat Mar 16 14:35:47  2024,不如喝豆浆，但是不要买转基因的
小柒柒猫,"https://tvax3.sinaimg.cn/crop.0.0.1080.1080.50/ec19c537ly8hpkr689m8ej20u00u040q.jpg?KID=imgbed,tva&Expires=1729616892&ssig=8kGqKFkWEH",其他,Sat Mar 16 00:22:31  2024,那纯牛奶呢？
舒克和贝塔55555,"https://tvax2.sinaimg.cn/crop.0.0.996.996.50/0088rjBsly8gv4u7whxp6j60ro0roabn02.jpg?KID=imgbed,tva&Expires=1729616892&ssig=2eFUuou4zf",北京,Fri Mar 15 23:25:51  2024,转发微博
吕元元bianwed,"https://tvax4.sinaimg.cn/crop.0.0.512.512.50/a27bcb05ly8ft3xg4tzrbj20e80e8jsp.jpg?KID=imgbed,tva&Expires=1729616892&ssig=Eueja28eH7",黑龙江 大庆,Fri Mar 15 22:24:40  2024,这么说我想起来，小时候喝牛奶不拉肚子，现在拉肚子
小五花-,"https://tvax3.sinaimg.cn/crop.0.0.1080.1080.50/a0feffaaly8hfza5wknjej20u00u0wk0.jpg?KID=imgbed,tva&Expires=1729616892&ssig=24kHGm8Zju",福建 泉州,Fri Mar 15 20:53:53  2024,郭教授？哪里的教授？连个单位都没有，一般名字下面带的是就职的单位，而不是什么养生节目主持人[允悲]，如果她是什么教授那就不会是主持人，如果她是主持人那就不会是什么教授，如果又是教授又是主持人，那她肯定是骗人的神棍，这种东西也有人信……
Crypig,"https://tva2.sinaimg.cn/crop.0.1.750.750.50/56062d53jw8fan2b37r0xj20ku0kwwg1.jpg?KID=imgbed,tva&Expires=1729616892&ssig=Lr9H0uJO45",河北 石家庄,Fri Mar 15 17:08:28  2024,哪来的郭教授？全名都不敢写 哪里的教授 在哪儿任职？ 养生节目是哪个 在哪个平台播放  现在是个人都敢称教授了？
用户6040901215,"https://tvax4.sinaimg.cn/crop.0.0.750.750.50/006AP0mzly8hna30ycd63j30ku0ku0tx.jpg?KID=imgbed,tva&Expires=1729616892&ssig=SRL1JuETSM",广东 湛江,Fri Mar 15 15:50:10  2024,正能量传播无需怕下架。如管理人员把此类视频封杀下架那平台我就该下架了
山别大革命2013,"https://tva3.sinaimg.cn/crop.0.0.180.180.50/409bcbb4jw1f4ewvwl3i6j2050050q3a.jpg?KID=imgbed,tva&Expires=1729616894&ssig=Q0fb9dSLTT",安徽 合肥,Fri Mar 15 15:22:55  2024,不喝！我不喝！坚决不喝！
臭尼的外婆,"https://tvax3.sinaimg.cn/crop.0.0.1080.1080.50/c20df53fly8hm5tpd2cmhj20u00u0wgx.jpg?KID=imgbed,tva&Expires=1729616894&ssig=z7QYajf36S",其他,Fri Mar 15 14:34:45  2024,[鲜花]
phenixjoy,"https://tva1.sinaimg.cn/crop.32.2.111.111.50/5af1fd6fjw8ezf24d1yaxj205k05kt97.jpg?KID=imgbed,tva&Expires=1729616894&ssig=WEvE6CxamB",北京 朝阳区,Fri Mar 15 13:57:18  2024,太对了……小时候喝牛奶不过敏，现在喝一点儿就过敏[允悲][允悲][允悲][doge][doge][doge]
用户v9tdoq9gwf,"https://tvax1.sinaimg.cn/crop.0.0.1080.1080.50/764fcbably8hgf24rqstzj20u00u0n05.jpg?KID=imgbed,tva&Expires=1729616894&ssig=RkY4pDHd%2Fw",其他,Fri Mar 15 13:30:09  2024,[good][good]
海哥0212,"https://tva3.sinaimg.cn/crop.0.0.664.664.50/0062FiPsjw8f6b1apy9nhj30ig0iggmu.jpg?KID=imgbed,tva&Expires=1729616894&ssig=evLzBMCB47",辽宁,Fri Mar 15 13:23:31  2024,现在的商家良心好的太少了
黄泉川的摆渡人,"https://tvax1.sinaimg.cn/crop.0.0.690.690.50/0064SdAqly8h182himzv2j30j60j641m.jpg?KID=imgbed,tva&Expires=1729616895&ssig=LPdIpNlQQL",河北 唐山,Sun Feb 18 20:40:37  2024,[抱抱]
子鸣81,"https://tvax3.sinaimg.cn/crop.0.0.664.664.50/5a83b922ly8h4dhz0bar2j20ig0ig3zs.jpg?KID=imgbed,tva&Expires=1729616895&ssig=PFvovvlIaX",吉林 长春,Sun Feb 18 20:10:20  2024,素食者的饮品[赞]
蓝天196509,"https://tva3.sinaimg.cn/crop.73.17.184.184.50/006pkHrXjw8f5x2am57r0j30980643yp.jpg?KID=imgbed,tva&Expires=1729616895&ssig=kP09jykTi%2F",江苏 镇江,Sun Feb 18 19:53:58  2024,[鲜花][鲜花][鲜花]
Lili_zZzz,"https://tva1.sinaimg.cn/crop.0.0.540.540.50/005EZIqnjw8ehkuzg129bj30f00f0mxu.jpg?KID=imgbed,tva&Expires=1729616895&ssig=3or21g6hDy",湖北 武汉,Sun Feb 18 15:53:01  2024,学习
娜娜女神5376,"https://tvax4.sinaimg.cn/crop.0.0.132.132.50/008qELA4ly4gwbk89rki0j303o03o0sk.jpg?KID=imgbed,tva&Expires=1729616895&ssig=A1eHn17RSc",其他,Sun Feb 18 11:44:23  2024,爱您老师[心][心][心]
水杀_不坑的坑娘,"https://tvax2.sinaimg.cn/crop.0.0.1080.1080.50/4d54ae51ly8g1n5xmj0pqj20u00u0dhn.jpg?KID=imgbed,tva&Expires=1729616895&ssig=G67%2FB98sIb",上海 静安区,Sun Feb 18 10:28:24  2024,甜杏仁应该不是图片中的那种美国大杏仁吧？
十六0616,"https://tvax1.sinaimg.cn/crop.0.0.664.664.50/0076eQWQly8ghao3rs9chj30ig0igjs8.jpg?KID=imgbed,tva&Expires=1729616895&ssig=8ZOggVzuaa",山东,Fri Apr 12 05:36:37  2024,点赞[鼓掌]
提笔落诗杭,"https://tvax3.sinaimg.cn/crop.0.0.1080.1080.50/008zA7ATly8hr8yogs9tgj30u00u0tbz.jpg?KID=imgbed,tva&Expires=1729616895&ssig=p8gVwdG%2BYz",其他,Wed Apr 03 17:58:23  2024,[坏笑]
你好别来无恙666,"https://tvax2.sinaimg.cn/crop.0.0.1080.1080.50/005uNyZJly8h9etppbgftj30u00u0dga.jpg?KID=imgbed,tva&Expires=1729616895&ssig=ckYlwI4TYY",山东 潍坊,Wed Apr 03 00:46:11  2024,[送花花]
Esther你好呀,"https://tvax3.sinaimg.cn/crop.0.0.1080.1080.50/008DbFyPly8hnnk84he44j30u00u0acf.jpg?KID=imgbed,tva&Expires=1729616895&ssig=C0%2Bx96hINx",其他,Thu Mar 28 23:50:05  2024,赞
夏天太阳37度,"https://tvax1.sinaimg.cn/crop.0.0.1019.1019.50/005zPefKly8hlufqttkigj30sb0sbaca.jpg?KID=imgbed,tva&Expires=1729616895&ssig=hLoJdQGQRT",四川 成都,Sat Mar 16 13:22:42  2024,科技
南山坞梅落,"https://tvax3.sinaimg.cn/crop.0.0.1080.1080.50/006RsRz2ly8hrnd8bm1o4j30u00u0aex.jpg?KID=imgbed,tva&Expires=1729616895&ssig=y3tT15IS1j",山西,Fri Mar 15 10:08:55  2024,[爱橙橙]
夕幽LL,"https://tvax3.sinaimg.cn/crop.0.0.1080.1080.50/006MpqcCly8h4t1i4oan5j30u00u0gs7.jpg?KID=imgbed,tva&Expires=1729616895&ssig=FnAxvk1rhj",贵州 贵阳,Fri Mar 15 09:04:06  2024,[爱橙橙]
DEATHFEARPAIN,"https://tvax1.sinaimg.cn/crop.0.0.1080.1080.50/007a7tqmly8hr4ko3lhezj30u00u0wgw.jpg?KID=imgbed,tva&Expires=1729616895&ssig=52vP%2F6mm9l",江苏,Fri Mar 15 06:54:09  2024,赞
梓萱星仪,"https://tvax2.sinaimg.cn/crop.0.0.1080.1080.50/74d7b0f5ly8g0oqa3bu0uj20u00u0jsc.jpg?KID=imgbed,tva&Expires=1729616895&ssig=96tnFmMKL1",其他,Thu Mar 14 21:25:24  2024,转发微博
-哼哼哈hei,"https://tvax3.sinaimg.cn/crop.0.0.996.996.50/0069l2Ngly8gi2b35kqx1j30ro0rojt8.jpg?KID=imgbed,tva&Expires=1729616895&ssig=5QjUB%2FlkQ9",台湾,Thu Mar 14 19:41:03  2024,喜欢
随心而动-宝妈,"https://tva3.sinaimg.cn/crop.0.0.180.180.50/6e97df31jw1e8qgp5bmzyj2050050aa8.jpg?KID=imgbed,tva&Expires=1729616896&ssig=eLiHO9oOjx",天津 河西区,Tue Apr 02 10:35:49  2024,我今天刚好搜牛奶，同事的纽麦福全脂高钙纯牛奶，口感很好。京东上只有山姆店卖，合下来3.2一瓶200毫升的。只是有点犹豫的是这种进口牛奶怎么保质期都一年之久，不知道时间长了损失营养不，毕竟咱们伊利蒙牛才几个月
林淇冰2011,"https://tvax1.sinaimg.cn/default/images/default_avatar_female_50.gif?KID=imgbed,tva&Expires=1729616896&ssig=1ZXRUcNCG%2B",天津 河东区,Wed Mar 27 08:38:36  2024,求酸奶排名，牛奶固定特仑苏拧盖那款了[doge]
不婚快乐,"https://tva3.sinaimg.cn/crop.0.0.640.640.50/81eeb52djw8eb4km73k4sj20hs0hs0tv.jpg?KID=imgbed,tva&Expires=1729616896&ssig=F6qQZSSjLu",天津,Tue Mar 26 19:53:55  2024,每日鲜语+1
童言妈妈生活记,"https://tvax4.sinaimg.cn/crop.0.0.664.664.50/0076aKhTly8g1pbgv3zqfj30ig0ig0sw.jpg?KID=imgbed,tva&Expires=1729616896&ssig=pYe1ZzFkCF",其他,Tue Mar 26 06:44:46  2024,最近喝东方甄选沙漠和新疆的
我是自信风,"https://tvax2.sinaimg.cn/crop.0.0.640.640.50/007vfAJBly8fxw1pwre8ej30hs0hs3zj.jpg?KID=imgbed,tva&Expires=1729616896&ssig=lrYoqAgc6F",河北,Mon Mar 25 22:24:54  2024,最近一直喝咱庄里的鲜奶。
防水涂层ing,"https://tvax4.sinaimg.cn/crop.0.0.403.403.50/006eC7mKly8h9xbjti12yj30b70b7q3a.jpg?KID=imgbed,tva&Expires=1729616896&ssig=2VPPDRZtmW",其他,Mon Mar 25 19:45:27  2024,我爱喝5
蓝色自然卷,"https://tva3.sinaimg.cn/crop.23.0.111.111.50/65363921jw8eu5lthcz1hj205k05kaa4.jpg?KID=imgbed,tva&Expires=1729616896&ssig=JEgcAvEaX%2F",天津 塘沽区,Sun Mar 24 22:13:08  2024,试一下欧亚大理高原牛奶
李菲丽丶,"https://tvax3.sinaimg.cn/crop.0.0.400.400.50/008wCDpOly8hq6f4qy3mwj30b40b4wez.jpg?KID=imgbed,tva&Expires=1729616897&ssig=%2B%2FcCFPVKlC",吉林 延边朝鲜族自治州,Tue Oct 22 20:36:04  2024,云朵叮叮牛奶，听起来就像是在云端品尝的美味[馋嘴]
超话社区,"https://tvax3.sinaimg.cn/crop.0.0.1080.1080.50/006pQfMcly8h8v3tovfguj60u00u0q3z02.jpg?KID=imgbed,tva&Expires=1729616899&ssig=Nz0N9uHqMi",北京,Tue Oct 22 14:58:34  2024,你好，你感兴趣的“牛奶”已开通了超话社区～ 超话社区是微博旗下兴趣互动社区，快来与志同道合的小伙伴们一起交流互动吧！ 戳我进入>> #牛奶[超话]#
用户8562333012,"https://tvax1.sinaimg.cn/crop.0.0.600.600.50/008zkhIyly8hfo6bt1j38j30go0go0ta.jpg?KID=imgbed,tva&Expires=1729616900&ssig=CVnVGDb91Y",北京,Tue Oct 22 08:32:51  2024,我昨晚买了，淘宝那边300满减50.还是可以的
夸夸小精灵,"https://tvax1.sinaimg.cn/crop.0.0.600.600.50/008yV97Jly8hqle4s92dqj30go0gomzb.jpg?KID=imgbed,tva&Expires=1729616901&ssig=awyRh3BbFB",其他,Mon Oct 21 17:08:16  2024,哇塞，这小奶猫也太萌了吧！蹭脚的样子简直让人心都化了！你们真是天使，给它吃的喝的，这小家伙真是遇到好人了！100分！
超话社区,"https://tvax3.sinaimg.cn/crop.0.0.1080.1080.50/006pQfMcly8h8v3tovfguj60u00u0q3z02.jpg?KID=imgbed,tva&Expires=1729616901&ssig=iVrcwdjRcE",北京,Mon Oct 21 17:08:10  2024,你好，你感兴趣的“小奶猫”已开通了超话社区～ 超话社区是微博旗下兴趣互动社区，快来与志同道合的小伙伴们一起交流互动吧！ 戳我进入>> #小奶猫[超话]#
恢m鸿,"https://tvax3.sinaimg.cn/crop.0.0.1002.1002.50/003yU0Rkly8gukl5ix3moj60ru0rumy702.jpg?KID=imgbed,tva&Expires=1729616902&ssig=cfxSt7yFsl",其他,Sun Oct 20 18:18:24  2024,E:/⇥ewcnwF43EMUxu⇤ 复制并打开拼夕夕APP，40.7元拼团购买【9月新日期】蒙牛特仑苏梦幻盖纯牛奶25...，仅剩2个名额
超话社区,"https://tvax3.sinaimg.cn/crop.0.0.1080.1080.50/006pQfMcly8h8v3tovfguj60u00u0q3z02.jpg?KID=imgbed,tva&Expires=1729616902&ssig=hBncEtou8a",北京,Sun Oct 20 18:17:59  2024,你好，你感兴趣的“特仑苏”已开通了超话社区～ 超话社区是微博旗下兴趣互动社区，快来与志同道合的小伙伴们一起交流互动吧！ 戳我进入>> #特仑苏[超话]#
wy_王蓦尧,"https://tvax1.sinaimg.cn/crop.0.0.400.400.50/008uTfenly8hq6hffwa3pj30b40b4t9a.jpg?KID=imgbed,tva&Expires=1729616903&ssig=yPYR5dVDVa",福建 龙岩,Sun Oct 20 11:55:05  2024,喝牛奶有助于身体健康哦，记得每天喝一杯
是林嘉丽的佳,"https://tvax2.sinaimg.cn/crop.0.0.400.400.50/008uT29lly8hd50o3a5abj30b40b40t2.jpg?KID=imgbed,tva&Expires=1729616904&ssig=ZkI4Qh8I%2BG",福建 泉州,Sun Oct 20 16:23:11  2024,牛奶的正确喝法，你get了吗？
